USE [PowerOptimization]
GO


INSERT INTO [Application].[Territories]
           ([TerritoryID], [Name])
     VALUES
           (1, N'Свердловская область')
GO


INSERT INTO [Application].[Priorities]
           ([PriorityID], [Name])
     VALUES
           (1, 'HIGH'),
		   (2, 'LOW')
GO


INSERT INTO [Application].[SupposedPeakHours]
           ([SupposedPeakHourID]
           ,[TerritoryID]
           ,[PriorityID]
           ,[Year]
           ,[Month]
           ,[Hour]
           ,[Probability])
     VALUES
           (1, 1, 1, 2022, 3, 21, 83),
		   (2, 1, 2, 2022, 3, 20, 15)
GO


INSERT INTO [Application].[Weekends]
           ([WeekendID]
           ,[TerritoryID]
           ,[Date]
           ,[IsWeekend])
     VALUES
		   (1, 1, '2022-03-05', 0),
		   (2, 1, '2022-03-07', 1),
		   (3, 1, '2022-03-08', 1)
GO


INSERT INTO [Application].[FactPeakHours]
           ([FactPeakHourID]
           ,[TerritoryID]
           ,[Date]
           ,[Hour])
     VALUES
           (1, 1, '2022-03-01', 21),
		   (2, 1, '2022-03-02', 20),
		   (3, 1, '2022-03-03', 21),
		   (4, 1, '2022-03-04', 19),
		   (5, 1, '2022-03-05', 21)
GO


INSERT INTO [Application].[PowerCosts]
           ([PowerCostID]
           ,[TerritoryID]
           ,[Year]
           ,[Month]
           ,[Cost])
     VALUES
           (1, 1, 2022, 3, 800.0)
GO


INSERT INTO [Application].[Enterprises]
           ([EnterpriseID]
           ,[TerritoryID]
           ,[Name]
           ,[PowerDecrementPlan])
     VALUES
           (1, 1, N'Завод Северный', 100),
		   (2, 1, N'Шахта Восточная', 130)
GO


INSERT INTO [Application].[ConsumerGroups]
           ([ConsumerGroupID]
           ,[EnterpriseID]
           ,[Name])
     VALUES
           (1, 1, N'Цех 1'),
		   (2, 2, N'Главная насосная')
GO


INSERT INTO [Application].[Consumers]
           ([ConsumerID]
           ,[ConsumerGroupID]
           ,[Name]
           ,[SensorName]
           ,[LastUpdateAt])
     VALUES
           (1, 1, N'Станок', 'x19554', NULL),
		   (2, 1, N'Конвейер', 'c31710', '2022-03-20 13:00:00'),
		   (3, 2, N'Насос №1', 'p28125', '2022-03-22 22:30:00'),
		   (4, 2, N'Насос №2', 'p28129', '2022-03-21 21:00:00')
GO


INSERT INTO [Application].[SensorData]
           ([SensorDataID]
           ,[ConsumerID]
           ,[PeriodStart]
           ,[PeriodEnd]
           ,[PowerConsumed])
     VALUES
           (1, 2, '2022-03-04 17:30:00', '2022-03-04 18:00:00', 57.1142),
		   (2, 2, '2022-03-04 18:00:00', '2022-03-04 18:30:00', 45.3211),
		   (3, 2, '2022-03-04 18:30:00', '2022-03-04 19:00:00', 48.4329),
		   (4, 2, '2022-03-04 19:00:00', '2022-03-04 19:30:00', 53.6281),
		   (5, 2, '2022-03-04 19:30:00', '2022-03-04 20:00:00', 51.8354),
		   (6, 2, '2022-03-04 20:00:00', '2022-03-04 20:30:00', 38.9981),
		   (7, 2, '2022-03-04 20:30:00', '2022-03-04 21:00:00', 34.5393),
		   (8, 2, '2022-03-04 21:00:00', '2022-03-04 21:30:00', 19.7312),
		   (9, 2, '2022-03-04 21:30:00', '2022-03-04 22:00:00', 22.9462),
		   (10, 2, '2022-03-04 22:00:00', '2022-03-04 22:30:00', 31.8013),
		   (11, 2, '2022-03-04 22:30:00', '2022-03-04 23:00:00', 40.0031),
		   (12, 2, '2022-03-04 23:00:00', '2022-03-04 23:30:00', 49.7109),
		   (13, 3, '2022-03-04 17:30:00', '2022-03-04 18:00:00', 40.8482),
		   (14, 3, '2022-03-04 18:00:00', '2022-03-04 18:30:00', 46.8983),
		   (15, 3, '2022-03-04 18:30:00', '2022-03-04 19:00:00', 44.0907),
		   (16, 3, '2022-03-04 19:00:00', '2022-03-04 19:30:00', 52.7371),
		   (17, 3, '2022-03-04 19:30:00', '2022-03-04 20:00:00', 51.8354),
		   (18, 3, '2022-03-04 20:00:00', '2022-03-04 20:30:00', 49.2083),
		   (19, 3, '2022-03-04 20:30:00', '2022-03-04 21:00:00', 50.2093),
		   (20, 3, '2022-03-04 21:00:00', '2022-03-04 21:30:00', 50.8137),
		   (21, 3, '2022-03-04 21:30:00', '2022-03-04 22:00:00', 42.6228),
		   (22, 3, '2022-03-04 22:00:00', '2022-03-04 22:30:00', 47.5734),
		   (23, 3, '2022-03-04 22:30:00', '2022-03-04 23:00:00', 51.3556),
		   (24, 3, '2022-03-04 23:00:00', '2022-03-04 23:30:00', 44.0858),
		   (25, 4, '2022-03-04 17:30:00', '2022-03-04 18:00:00', 21.7274),
		   (26, 4, '2022-03-04 18:00:00', '2022-03-04 18:30:00', 24.2094),
		   (27, 4, '2022-03-04 18:30:00', '2022-03-04 19:00:00', 25.0201),
		   (28, 4, '2022-03-04 19:00:00', '2022-03-04 19:30:00', 24.1351),
		   (29, 4, '2022-03-04 19:30:00', '2022-03-04 20:00:00', 20.3414),
		   (30, 4, '2022-03-04 20:00:00', '2022-03-04 20:30:00', 17.1563),
		   (31, 4, '2022-03-04 20:30:00', '2022-03-04 21:00:00', 18.3726),
		   (32, 4, '2022-03-04 21:00:00', '2022-03-04 21:30:00', 16.2460),
		   (33, 4, '2022-03-04 21:30:00', '2022-03-04 22:00:00', 16.6119),
		   (34, 4, '2022-03-04 22:00:00', '2022-03-04 22:30:00', 23.6335),
		   (35, 4, '2022-03-04 22:30:00', '2022-03-04 23:00:00', 25.0446),
		   (36, 4, '2022-03-04 23:00:00', '2022-03-04 23:30:00', 27.4134)
GO


INSERT INTO [Application].[Comments]
           ([CommentID]
           ,[EnterpriseID]
           ,[Author]
           ,[Text]
           ,[ForDate])
     VALUES
           (1, 2, N'Иванов Иван', N'Так получилось...', '2022-03-04')
GO
